-- NOTA: Los datos utilizados en las tablas fueron generados a través del servicio web Mockaroo.com

-- Tabla: faenas_proveedores
insert into faenas_proveedores (proveedor_id, nombre, rut, direccion, comuna) values (1, 'Emard, Rogahn and Denesik', 79800278, '9392 Corscot Pass', 'South Tangerang');
insert into faenas_proveedores (proveedor_id, nombre, rut, direccion, comuna) values (2, 'Weissnat, Stehr and Swift', 91206809, '01 Dwight Junction', 'Doksy');
insert into faenas_proveedores (proveedor_id, nombre, rut, direccion, comuna) values (3, 'Balistreri, Steuber and Kessler', 71483275, '7925 Parkside Point', 'Pontes');
insert into faenas_proveedores (proveedor_id, nombre, rut, direccion, comuna) values (4, 'Macejkovic, Schuppe and Padberg', 70906510, '2674 Schlimgen Way', 'Hongjiang');
insert into faenas_proveedores (proveedor_id, nombre, rut, direccion, comuna) values (5, 'Marquardt, Hettinger and Fay', 56692401, '7 Garrison Center', 'Saniwonorejo');
insert into faenas_proveedores (proveedor_id, nombre, rut, direccion, comuna) values (6, 'Sporer and Sons', 55945033, '32 Carberry Plaza', 'Duba');
insert into faenas_proveedores (proveedor_id, nombre, rut, direccion, comuna) values (7, 'Moore-Abernathy', 59980329, '231 Spohn Alley', 'Cidamar');
insert into faenas_proveedores (proveedor_id, nombre, rut, direccion, comuna) values (8, 'Raynor-Hoppe', 49453646, '6 Mendota Crossing', 'Santong');
insert into faenas_proveedores (proveedor_id, nombre, rut, direccion, comuna) values (9, 'Zboncak Group', 48702683, '795 Fairview Circle', 'Yemva');
insert into faenas_proveedores (proveedor_id, nombre, rut, direccion, comuna) values (10, 'Christiansen-O''Conner', 27578262, '96 Glendale Pass', 'Mauá');
insert into faenas_proveedores (proveedor_id, nombre, rut, direccion, comuna) values (11, 'Huel, Upton and Simonis', 68291148, '4313 Lakewood Gardens Drive', 'Itapetinga');
insert into faenas_proveedores (proveedor_id, nombre, rut, direccion, comuna) values (12, 'Stoltenberg, Lebsack and Quigley', 76275046, '2 Forster Way', 'Polzela');
insert into faenas_proveedores (proveedor_id, nombre, rut, direccion, comuna) values (13, 'Kiehn-Murphy', 77354149, '984 Bonner Hill', 'Ermelo');
insert into faenas_proveedores (proveedor_id, nombre, rut, direccion, comuna) values (14, 'Grant, Ankunding and Schneider', 49965629, '54245 Division Park', 'Ma’ao');
insert into faenas_proveedores (proveedor_id, nombre, rut, direccion, comuna) values (15, 'Stanton-Beer', 97717603, '952 Comanche Park', 'Mandala');
insert into faenas_proveedores (proveedor_id, nombre, rut, direccion, comuna) values (16, 'Ryan, Welch and Bernhard', 81932732, '2352 Vahlen Junction', 'Nazrēt');
insert into faenas_proveedores (proveedor_id, nombre, rut, direccion, comuna) values (17, 'Macejkovic LLC', 40205953, '19 Merrick Hill', 'Āsbe Teferī');
insert into faenas_proveedores (proveedor_id, nombre, rut, direccion, comuna) values (18, 'Hessel-Hudson', 58789066, '92 Mockingbird Hill', 'Liupai');

-- Tabla: faenas_items
insert into faenas_items (item_id, descripcion, stock, preciounitario, proveedor_id) values (1, 'Enhanced coherent strategy', 45, 31159, 17);
insert into faenas_items (item_id, descripcion, stock, preciounitario, proveedor_id) values (2, 'Organic coherent capacity', 71, 40389, 18);
insert into faenas_items (item_id, descripcion, stock, preciounitario, proveedor_id) values (3, 'Focused uniform encryption', 119, 69851, 15);
insert into faenas_items (item_id, descripcion, stock, preciounitario, proveedor_id) values (4, 'Organic global functionalities', 133, 87158, 6);
insert into faenas_items (item_id, descripcion, stock, preciounitario, proveedor_id) values (5, 'Profound systemic website', 44, 79029, 1);
insert into faenas_items (item_id, descripcion, stock, preciounitario, proveedor_id) values (6, 'Assimilated regional secured line', 88, 58923, 6);
insert into faenas_items (item_id, descripcion, stock, preciounitario, proveedor_id) values (7, 'Stand-alone 4th generation standardization', 37, 51495, 7);
insert into faenas_items (item_id, descripcion, stock, preciounitario, proveedor_id) values (8, 'Expanded bottom-line algorithm', 46, 54957, 17);
insert into faenas_items (item_id, descripcion, stock, preciounitario, proveedor_id) values (9, 'Polarised content-based conglomeration', 191, 62442, 9);
insert into faenas_items (item_id, descripcion, stock, preciounitario, proveedor_id) values (10, 'Monitored system-worthy interface', 125, 82654, 11);
insert into faenas_items (item_id, descripcion, stock, preciounitario, proveedor_id) values (11, 'Open-source foreground leverage', 102, 90193, 11);
insert into faenas_items (item_id, descripcion, stock, preciounitario, proveedor_id) values (12, 'Monitored actuating circuit', 163, 98583, 8);
insert into faenas_items (item_id, descripcion, stock, preciounitario, proveedor_id) values (13, 'Mandatory mission-critical analyzer', 189, 94982, 8);
insert into faenas_items (item_id, descripcion, stock, preciounitario, proveedor_id) values (14, 'Monitored directional attitude', 168, 23423, 2);
insert into faenas_items (item_id, descripcion, stock, preciounitario, proveedor_id) values (15, 'Phased cohesive service-desk', 115, 76603, 16);
insert into faenas_items (item_id, descripcion, stock, preciounitario, proveedor_id) values (16, 'Organic needs-based extranet', 177, 35612, 14);
insert into faenas_items (item_id, descripcion, stock, preciounitario, proveedor_id) values (17, 'Automated hybrid access', 155, 18380, 5);
insert into faenas_items (item_id, descripcion, stock, preciounitario, proveedor_id) values (18, 'Function-based disintermediate support', 154, 53106, 12);
insert into faenas_items (item_id, descripcion, stock, preciounitario, proveedor_id) values (19, 'Extended transitional collaboration', 25, 34727, 7);
insert into faenas_items (item_id, descripcion, stock, preciounitario, proveedor_id) values (20, 'Proactive reciprocal knowledge user', 58, 93138, 16);
insert into faenas_items (item_id, descripcion, stock, preciounitario, proveedor_id) values (21, 'Function-based context-sensitive productivity', 124, 88084, 10);
insert into faenas_items (item_id, descripcion, stock, preciounitario, proveedor_id) values (22, 'Synergized uniform intranet', 102, 82095, 11);
insert into faenas_items (item_id, descripcion, stock, preciounitario, proveedor_id) values (23, 'Secured interactive budgetary management', 174, 35439, 13);
insert into faenas_items (item_id, descripcion, stock, preciounitario, proveedor_id) values (24, 'Monitored contextually-based capability', 51, 66249, 3);
insert into faenas_items (item_id, descripcion, stock, preciounitario, proveedor_id) values (25, 'Customizable zero defect model', 27, 83442, 14);
insert into faenas_items (item_id, descripcion, stock, preciounitario, proveedor_id) values (26, 'Synergistic composite model', 195, 70930, 14);
insert into faenas_items (item_id, descripcion, stock, preciounitario, proveedor_id) values (27, 'Re-contextualized 24/7 policy', 112, 72376, 4);
insert into faenas_items (item_id, descripcion, stock, preciounitario, proveedor_id) values (28, 'Face to face cohesive productivity', 74, 15163, 2);
insert into faenas_items (item_id, descripcion, stock, preciounitario, proveedor_id) values (29, 'Face to face asynchronous circuit', 74, 96344, 16);
insert into faenas_items (item_id, descripcion, stock, preciounitario, proveedor_id) values (30, 'Robust static solution', 32, 30491, 9);
insert into faenas_items (item_id, descripcion, stock, preciounitario, proveedor_id) values (31, 'Open-architected multi-state success', 21, 47434, 8);
insert into faenas_items (item_id, descripcion, stock, preciounitario, proveedor_id) values (32, 'Extended impactful service-desk', 68, 54849, 3);
insert into faenas_items (item_id, descripcion, stock, preciounitario, proveedor_id) values (33, 'Front-line bi-directional matrix', 69, 33640, 10);
insert into faenas_items (item_id, descripcion, stock, preciounitario, proveedor_id) values (34, 'Open-architected cohesive model', 168, 94693, 6);
insert into faenas_items (item_id, descripcion, stock, preciounitario, proveedor_id) values (35, 'Balanced attitude-oriented frame', 94, 42440, 1);
insert into faenas_items (item_id, descripcion, stock, preciounitario, proveedor_id) values (36, 'Managed 24 hour data-warehouse', 129, 47186, 11);
insert into faenas_items (item_id, descripcion, stock, preciounitario, proveedor_id) values (37, 'Configurable object-oriented service-desk', 165, 25856, 11);
insert into faenas_items (item_id, descripcion, stock, preciounitario, proveedor_id) values (38, 'Cross-platform optimizing collaboration', 41, 19927, 6);
insert into faenas_items (item_id, descripcion, stock, preciounitario, proveedor_id) values (39, 'Optional neutral alliance', 163, 71436, 6);
insert into faenas_items (item_id, descripcion, stock, preciounitario, proveedor_id) values (40, 'Profit-focused regional installation', 26, 21223, 7);
insert into faenas_items (item_id, descripcion, stock, preciounitario, proveedor_id) values (41, 'Fully-configurable foreground archive', 43, 64213, 5);
insert into faenas_items (item_id, descripcion, stock, preciounitario, proveedor_id) values (42, 'Integrated didactic initiative', 87, 32030, 10);
insert into faenas_items (item_id, descripcion, stock, preciounitario, proveedor_id) values (43, 'Sharable 3rd generation leverage', 102, 51532, 11);
insert into faenas_items (item_id, descripcion, stock, preciounitario, proveedor_id) values (44, 'Re-engineered high-level archive', 179, 18051, 6);
insert into faenas_items (item_id, descripcion, stock, preciounitario, proveedor_id) values (45, 'Pre-emptive analyzing contingency', 131, 58279, 11);
insert into faenas_items (item_id, descripcion, stock, preciounitario, proveedor_id) values (46, 'Persevering zero tolerance architecture', 141, 76485, 17);
insert into faenas_items (item_id, descripcion, stock, preciounitario, proveedor_id) values (47, 'Multi-tiered motivating intranet', 176, 39277, 3);
insert into faenas_items (item_id, descripcion, stock, preciounitario, proveedor_id) values (48, 'User-friendly even-keeled capability', 107, 10397, 11);

-- Tabla: faenas_faenas
insert into faenas_faenas (faena_id, descripcion, comuna, fechainicio, fechatermino) values (1, 'Proin eu mi. Nulla ac enim. In tempor, turpis nec euismod scelerisque, quam turpis adipiscing lorem, vitae mattis nibh ligula nec sem.', 'Nong Hi', TO_DATE('2020-08-21', 'YYYY-MM-DD'), TO_DATE('2021-08-21', 'YYYY-MM-DD'));
insert into faenas_faenas (faena_id, descripcion, comuna, fechainicio, fechatermino) values (2, 'Phasellus sit amet erat. Nulla tempus. Vivamus in felis eu sapien cursus vestibulum.', 'Ungca', TO_DATE('2020-12-03', 'YYYY-MM-DD'), TO_DATE('2021-02-28', 'YYYY-MM-DD'));
insert into faenas_faenas (faena_id, descripcion, comuna, fechainicio, fechatermino) values (3, 'Etiam vel augue. Vestibulum rutrum rutrum neque. Aenean auctor gravida sem.', 'Panitian', TO_DATE('2020-07-30', 'YYYY-MM-DD'), TO_DATE('2021-07-17', 'YYYY-MM-DD'));
insert into faenas_faenas (faena_id, descripcion, comuna, fechainicio, fechatermino) values (4, 'In hac habitasse platea dictumst. Morbi vestibulum, velit id pretium iaculis, diam erat fermentum justo, nec condimentum neque sapien placerat ante. Nulla justo.', 'Paradahan', TO_DATE('2020-01-06', 'YYYY-MM-DD'), TO_DATE('2021-09-04', 'YYYY-MM-DD'));
insert into faenas_faenas (faena_id, descripcion, comuna, fechainicio, fechatermino) values (5, 'Morbi porttitor lorem id ligula. Suspendisse ornare consequat lectus. In est risus, auctor sed, tristique in, tempus sit amet, sem.', 'Petroúpolis', TO_DATE('2020-05-26', 'YYYY-MM-DD'), TO_DATE('2021-04-11', 'YYYY-MM-DD'));
insert into faenas_faenas (faena_id, descripcion, comuna, fechainicio, fechatermino) values (6, 'Nullam porttitor lacus at turpis. Donec posuere metus vitae ipsum. Aliquam non mauris.', 'Betio Village', TO_DATE('2020-12-26', 'YYYY-MM-DD'), TO_DATE('2021-05-09', 'YYYY-MM-DD'));
insert into faenas_faenas (faena_id, descripcion, comuna, fechainicio, fechatermino) values (7, 'Quisque porta volutpat erat. Quisque erat eros, viverra eget, congue eget, semper rutrum, nulla. Nunc purus.', '20 de Noviembre', TO_DATE('2020-03-06', 'YYYY-MM-DD'), TO_DATE('2021-01-19', 'YYYY-MM-DD'));
insert into faenas_faenas (faena_id, descripcion, comuna, fechainicio, fechatermino) values (8, 'Phasellus in felis. Donec semper sapien a libero. Nam dui.', 'Vänersborg', TO_DATE('2020-03-01', 'YYYY-MM-DD'), TO_DATE('2021-12-04', 'YYYY-MM-DD'));
insert into faenas_faenas (faena_id, descripcion, comuna, fechainicio, fechatermino) values (9, 'In congue. Etiam justo. Etiam pretium iaculis justo.', 'Zhangcaizhuang', TO_DATE('2020-04-03', 'YYYY-MM-DD'), TO_DATE('2021-11-12', 'YYYY-MM-DD'));
insert into faenas_faenas (faena_id, descripcion, comuna, fechainicio, fechatermino) values (10, 'Mauris enim leo, rhoncus sed, vestibulum sit amet, cursus id, turpis. Integer aliquet, massa id lobortis convallis, tortor risus dapibus augue, vel accumsan tellus nisi eu orci. Mauris lacinia sapien quis libero.', 'Lamduan', TO_DATE('2020-01-22', 'YYYY-MM-DD'), TO_DATE('2021-12-08', 'YYYY-MM-DD'));
insert into faenas_faenas (faena_id, descripcion, comuna, fechainicio, fechatermino) values (11, 'Morbi porttitor lorem id ligula. Suspendisse ornare consequat lectus. In est risus, auctor sed, tristique in, tempus sit amet, sem.', 'Lagoa', TO_DATE('2020-05-11', 'YYYY-MM-DD'), TO_DATE('2021-03-23', 'YYYY-MM-DD'));
insert into faenas_faenas (faena_id, descripcion, comuna, fechainicio, fechatermino) values (12, 'Maecenas leo odio, condimentum id, luctus nec, molestie sed, justo. Pellentesque viverra pede ac diam. Cras pellentesque volutpat dui.', 'Ban Dung', TO_DATE('2020-01-07', 'YYYY-MM-DD'), TO_DATE('2021-07-26', 'YYYY-MM-DD'));
insert into faenas_faenas (faena_id, descripcion, comuna, fechainicio, fechatermino) values (13, 'Fusce consequat. Nulla nisl. Nunc nisl.', 'Ningtang', TO_DATE('2020-04-05', 'YYYY-MM-DD'), TO_DATE('2021-01-04', 'YYYY-MM-DD'));
insert into faenas_faenas (faena_id, descripcion, comuna, fechainicio, fechatermino) values (14, 'In quis justo. Maecenas rhoncus aliquam lacus. Morbi quis tortor id nulla ultrices aliquet.', 'Mundão', TO_DATE('2020-01-08', 'YYYY-MM-DD'), TO_DATE('2021-01-05', 'YYYY-MM-DD'));
insert into faenas_faenas (faena_id, descripcion, comuna, fechainicio, fechatermino) values (15, 'Quisque porta volutpat erat. Quisque erat eros, viverra eget, congue eget, semper rutrum, nulla. Nunc purus.', 'Megion', TO_DATE('2020-10-22', 'YYYY-MM-DD'), TO_DATE('2021-01-17', 'YYYY-MM-DD'));
insert into faenas_faenas (faena_id, descripcion, comuna, fechainicio, fechatermino) values (16, 'Praesent blandit. Nam nulla. Integer pede justo, lacinia eget, tincidunt eget, tempus vel, pede.', 'Banjarjo', TO_DATE('2020-08-22', 'YYYY-MM-DD'), TO_DATE('2021-07-09', 'YYYY-MM-DD'));
insert into faenas_faenas (faena_id, descripcion, comuna, fechainicio, fechatermino) values (17, 'Vestibulum ac est lacinia nisi venenatis tristique. Fusce congue, diam id ornare imperdiet, sapien urna pretium nisl, ut volutpat sapien arcu sed augue. Aliquam erat volutpat.', 'San Antonio', TO_DATE('2020-04-08', 'YYYY-MM-DD'), TO_DATE('2021-09-09', 'YYYY-MM-DD'));
insert into faenas_faenas (faena_id, descripcion, comuna, fechainicio, fechatermino) values (18, 'Pellentesque at nulla. Suspendisse potenti. Cras in purus eu magna vulputate luctus.', 'Yelizovo', TO_DATE('2020-10-13', 'YYYY-MM-DD'), TO_DATE('2021-11-18', 'YYYY-MM-DD'));

-- Tabla: faenas_detalle
insert into faenas_detalles (detalle_id, cantidad, faena_id, item_id) values (1, 31, 7, 48);
insert into faenas_detalles (detalle_id, cantidad, faena_id, item_id) values (2, 22, 9, 46);
insert into faenas_detalles (detalle_id, cantidad, faena_id, item_id) values (3, 33, 2, 44);
insert into faenas_detalles (detalle_id, cantidad, faena_id, item_id) values (4, 25, 3, 47);
insert into faenas_detalles (detalle_id, cantidad, faena_id, item_id) values (5, 20, 6, 13);
insert into faenas_detalles (detalle_id, cantidad, faena_id, item_id) values (6, 45, 10, 20);
insert into faenas_detalles (detalle_id, cantidad, faena_id, item_id) values (7, 44, 6, 25);
insert into faenas_detalles (detalle_id, cantidad, faena_id, item_id) values (8, 44, 1, 17);
insert into faenas_detalles (detalle_id, cantidad, faena_id, item_id) values (9, 28, 2, 2);
insert into faenas_detalles (detalle_id, cantidad, faena_id, item_id) values (10, 10, 10, 7);
insert into faenas_detalles (detalle_id, cantidad, faena_id, item_id) values (11, 39, 9, 45);
insert into faenas_detalles (detalle_id, cantidad, faena_id, item_id) values (12, 23, 7, 19);
insert into faenas_detalles (detalle_id, cantidad, faena_id, item_id) values (13, 12, 18, 26);
insert into faenas_detalles (detalle_id, cantidad, faena_id, item_id) values (14, 50, 13, 13);
insert into faenas_detalles (detalle_id, cantidad, faena_id, item_id) values (15, 34, 10, 3);
insert into faenas_detalles (detalle_id, cantidad, faena_id, item_id) values (16, 10, 16, 30);
insert into faenas_detalles (detalle_id, cantidad, faena_id, item_id) values (17, 15, 8, 35);
insert into faenas_detalles (detalle_id, cantidad, faena_id, item_id) values (18, 14, 5, 47);
insert into faenas_detalles (detalle_id, cantidad, faena_id, item_id) values (19, 32, 4, 47);
insert into faenas_detalles (detalle_id, cantidad, faena_id, item_id) values (20, 40, 16, 33);
insert into faenas_detalles (detalle_id, cantidad, faena_id, item_id) values (21, 13, 2, 39);
insert into faenas_detalles (detalle_id, cantidad, faena_id, item_id) values (22, 12, 7, 41);
insert into faenas_detalles (detalle_id, cantidad, faena_id, item_id) values (23, 27, 5, 45);
insert into faenas_detalles (detalle_id, cantidad, faena_id, item_id) values (24, 28, 17, 10);
insert into faenas_detalles (detalle_id, cantidad, faena_id, item_id) values (25, 44, 17, 26);
insert into faenas_detalles (detalle_id, cantidad, faena_id, item_id) values (26, 28, 3, 4);
insert into faenas_detalles (detalle_id, cantidad, faena_id, item_id) values (27, 11, 18, 32);
insert into faenas_detalles (detalle_id, cantidad, faena_id, item_id) values (28, 15, 14, 18);
insert into faenas_detalles (detalle_id, cantidad, faena_id, item_id) values (29, 39, 13, 23);
insert into faenas_detalles (detalle_id, cantidad, faena_id, item_id) values (30, 11, 16, 34);
insert into faenas_detalles (detalle_id, cantidad, faena_id, item_id) values (31, 28, 14, 18);
insert into faenas_detalles (detalle_id, cantidad, faena_id, item_id) values (32, 46, 13, 10);
insert into faenas_detalles (detalle_id, cantidad, faena_id, item_id) values (33, 19, 18, 33);
insert into faenas_detalles (detalle_id, cantidad, faena_id, item_id) values (34, 18, 10, 14);
insert into faenas_detalles (detalle_id, cantidad, faena_id, item_id) values (35, 10, 5, 2);
insert into faenas_detalles (detalle_id, cantidad, faena_id, item_id) values (36, 31, 12, 11);
insert into faenas_detalles (detalle_id, cantidad, faena_id, item_id) values (37, 12, 6, 11);
insert into faenas_detalles (detalle_id, cantidad, faena_id, item_id) values (38, 32, 13, 48);
